{
    "loss": 0.22770299017429352,
    "accuracy": 0.9184549450874329
}