{
    "loss": 0.25285863876342773,
    "accuracy": 0.9399141669273376
}