{
    "loss": 0.28197863698005676,
    "accuracy": 0.9227467775344849
}